ds,origin,inner_train_start,inner_train_end,inner_train_months,inner_validation_start,inner_validation_end,inner_validation_months,refit_months,selected_n_lags,validation_candidates,neuralprophet,actual,last_month
2023-01,2022-12,2017-01,2021-12,60,2022-01,2022-12,12,72,3,"[{'n_lags': 3, 'metrics': {'MAE': 1143.433349609375, 'RMSE': 1396.8091698617843, 'MAPE': 12.222870751885027}}, {'n_lags': 6, 'metrics': {'MAE': 1263.5121256510417, 'RMSE': 1471.4365356414446, 'MAPE': 13.282346327172888}}, {'n_lags': 12, 'metrics': {'MAE': 1292.6857096354167, 'RMSE': 1768.8290406555607, 'MAPE': 13.274554066039293}}]",9142.28515625,8321.0,8087.0
2023-02,2023-01,2017-01,2022-01,61,2022-02,2023-01,12,73,6,"[{'n_lags': 3, 'metrics': {'MAE': 1251.2872721354167, 'RMSE': 1466.2408829900712, 'MAPE': 13.520535571346235}}, {'n_lags': 6, 'metrics': {'MAE': 1231.2223307291667, 'RMSE': 1447.811862964958, 'MAPE': 12.994254610974298}}, {'n_lags': 12, 'metrics': {'MAE': 1267.4779866536458, 'RMSE': 1671.3399538932508, 'MAPE': 13.245515193015175}}]",7937.73681640625,7665.0,8321.0
2023-03,2023-02,2017-01,2022-02,62,2022-03,2023-02,12,74,6,"[{'n_lags': 3, 'metrics': {'MAE': 1233.82861328125, 'RMSE': 1446.65775291067, 'MAPE': 13.3703965114261}}, {'n_lags': 6, 'metrics': {'MAE': 1194.5926920572917, 'RMSE': 1421.4800490852344, 'MAPE': 12.606743874759754}}, {'n_lags': 12, 'metrics': {'MAE': 1384.029541015625, 'RMSE': 1736.0953806317439, 'MAPE': 14.772318124929237}}]",9291.9287109375,9705.0,7665.0
2023-04,2023-03,2017-01,2022-03,63,2022-04,2023-03,12,75,6,"[{'n_lags': 3, 'metrics': {'MAE': 1255.787841796875, 'RMSE': 1387.855907551797, 'MAPE': 14.656755401331278}}, {'n_lags': 6, 'metrics': {'MAE': 1032.2797037760417, 'RMSE': 1222.892726736144, 'MAPE': 11.849264465718349}}, {'n_lags': 12, 'metrics': {'MAE': 1276.4212239583333, 'RMSE': 1509.8523097735222, 'MAPE': 14.826197311915355}}]",8886.17578125,8407.0,9705.0
2023-05,2023-04,2017-01,2022-04,64,2022-05,2023-04,12,76,6,"[{'n_lags': 3, 'metrics': {'MAE': 1145.0076497395833, 'RMSE': 1284.2925823305848, 'MAPE': 13.549330280728453}}, {'n_lags': 6, 'metrics': {'MAE': 887.6966959635416, 'RMSE': 1007.0533852053948, 'MAPE': 10.356684767343088}}, {'n_lags': 12, 'metrics': {'MAE': 1337.0201416015625, 'RMSE': 1570.294617507566, 'MAPE': 15.644503347298924}}]",8226.47265625,8146.0,8407.0
2023-06,2023-05,2017-01,2022-05,65,2022-06,2023-05,12,77,6,"[{'n_lags': 3, 'metrics': {'MAE': 845.0297037760416, 'RMSE': 984.4869143521047, 'MAPE': 10.04571467942159}}, {'n_lags': 6, 'metrics': {'MAE': 830.5450846354166, 'RMSE': 955.4942175828108, 'MAPE': 9.718109144268544}}, {'n_lags': 12, 'metrics': {'MAE': 1331.6707763671875, 'RMSE': 1553.9277387316922, 'MAPE': 15.626817033336149}}]",8553.001953125,7528.0,8146.0
2023-07,2023-06,2017-01,2022-06,66,2022-07,2023-06,12,78,3,"[{'n_lags': 3, 'metrics': {'MAE': 868.8269856770834, 'RMSE': 1004.5276578555644, 'MAPE': 10.508280219204662}}, {'n_lags': 6, 'metrics': {'MAE': 944.815673828125, 'RMSE': 1061.0436138986206, 'MAPE': 11.337966995508502}}, {'n_lags': 12, 'metrics': {'MAE': 1199.4418131510417, 'RMSE': 1401.6330851616208, 'MAPE': 14.484314462979158}}]",8785.826171875,8322.0,7528.0
2023-08,2023-07,2017-01,2022-07,67,2022-08,2023-07,12,79,3,"[{'n_lags': 3, 'metrics': {'MAE': 797.189453125, 'RMSE': 929.4868621220032, 'MAPE': 9.722817547062656}}, {'n_lags': 6, 'metrics': {'MAE': 853.1565755208334, 'RMSE': 958.8307341481766, 'MAPE': 10.352937589641332}}, {'n_lags': 12, 'metrics': {'MAE': 1146.6413167317708, 'RMSE': 1345.406431534119, 'MAPE': 13.93102570169597}}]",8977.826171875,8317.0,8322.0
2023-09,2023-08,2017-01,2022-08,68,2022-09,2023-08,12,80,3,"[{'n_lags': 3, 'metrics': {'MAE': 875.207763671875, 'RMSE': 974.2628361273037, 'MAPE': 10.657520398734084}}, {'n_lags': 6, 'metrics': {'MAE': 937.89111328125, 'RMSE': 1051.7327229815162, 'MAPE': 11.536632744510044}}, {'n_lags': 12, 'metrics': {'MAE': 1359.5029703776042, 'RMSE': 1544.5942928496156, 'MAPE': 16.530436592880278}}]",8119.2421875,8423.0,8317.0
2023-10,2023-09,2017-01,2022-09,69,2022-10,2023-09,12,81,3,"[{'n_lags': 3, 'metrics': {'MAE': 741.8311360677084, 'RMSE': 852.7044635619811, 'MAPE': 9.095368135650638}}, {'n_lags': 6, 'metrics': {'MAE': 938.2255859375, 'RMSE': 1049.9418548152146, 'MAPE': 11.573263251041078}}, {'n_lags': 12, 'metrics': {'MAE': 1071.3316650390625, 'RMSE': 1262.99015822054, 'MAPE': 13.170553404708125}}]",7300.44677734375,8101.0,8423.0
2023-11,2023-10,2017-01,2022-10,70,2022-11,2023-10,12,82,3,"[{'n_lags': 3, 'metrics': {'MAE': 582.516845703125, 'RMSE': 718.8723743625196, 'MAPE': 7.080465156364301}}, {'n_lags': 6, 'metrics': {'MAE': 756.7430419921875, 'RMSE': 889.8584235811431, 'MAPE': 9.299744405510634}}, {'n_lags': 12, 'metrics': {'MAE': 1154.6441243489583, 'RMSE': 1348.8688100090917, 'MAPE': 14.196003544460831}}]",8235.6806640625,7884.0,8101.0
2023-12,2023-11,2017-01,2022-11,71,2022-12,2023-11,12,83,3,"[{'n_lags': 3, 'metrics': {'MAE': 523.90234375, 'RMSE': 662.3919965407841, 'MAPE': 6.378940510636473}}, {'n_lags': 6, 'metrics': {'MAE': 729.0187581380209, 'RMSE': 874.3227487445685, 'MAPE': 9.013140742094102}}, {'n_lags': 12, 'metrics': {'MAE': 948.70947265625, 'RMSE': 1171.4032829208081, 'MAPE': 11.73260430639257}}]",8523.0458984375,9383.0,7884.0
2024-01,2023-12,2017-01,2022-12,72,2023-01,2023-12,12,84,3,"[{'n_lags': 3, 'metrics': {'MAE': 427.6162516276042, 'RMSE': 508.2074611937803, 'MAPE': 5.032784393769613}}, {'n_lags': 6, 'metrics': {'MAE': 579.6600341796875, 'RMSE': 695.5680721636448, 'MAPE': 7.0864759342430705}}, {'n_lags': 12, 'metrics': {'MAE': 663.6482747395834, 'RMSE': 843.5974450227537, 'MAPE': 8.078980901916083}}]",9465.333984375,10201.0,9383.0
2024-02,2024-01,2017-01,2023-01,73,2023-02,2024-01,12,85,3,"[{'n_lags': 3, 'metrics': {'MAE': 425.8722330729167, 'RMSE': 515.2915021242889, 'MAPE': 4.823323063020293}}, {'n_lags': 6, 'metrics': {'MAE': 469.669677734375, 'RMSE': 584.9458385014419, 'MAPE': 5.717662526899753}}, {'n_lags': 12, 'metrics': {'MAE': 644.396240234375, 'RMSE': 845.0707238777126, 'MAPE': 7.829852464587157}}]",8327.9873046875,9936.0,10201.0
2024-03,2024-02,2017-01,2023-02,74,2023-03,2024-02,12,86,6,"[{'n_lags': 3, 'metrics': {'MAE': 575.41748046875, 'RMSE': 731.6852188600221, 'MAPE': 6.308228040983802}}, {'n_lags': 6, 'metrics': {'MAE': 498.3101399739583, 'RMSE': 601.812105373618, 'MAPE': 5.868021646110325}}, {'n_lags': 12, 'metrics': {'MAE': 665.9964192708334, 'RMSE': 826.0297771335569, 'MAPE': 7.67735282504919}}]",10653.39453125,10974.0,9936.0
2024-04,2024-03,2017-01,2023-03,75,2023-04,2024-03,12,87,6,"[{'n_lags': 3, 'metrics': {'MAE': 541.6285400390625, 'RMSE': 675.7748057815879, 'MAPE': 5.928536856922402}}, {'n_lags': 6, 'metrics': {'MAE': 507.7518310546875, 'RMSE': 623.3810031767835, 'MAPE': 6.041736850980679}}, {'n_lags': 12, 'metrics': {'MAE': 676.4749755859375, 'RMSE': 840.4112954829112, 'MAPE': 7.765839175683068}}]",10533.4150390625,9211.0,10974.0
2024-05,2024-04,2017-01,2023-04,76,2023-05,2024-04,12,88,3,"[{'n_lags': 3, 'metrics': {'MAE': 569.7515869140625, 'RMSE': 679.807556237667, 'MAPE': 6.3790062480395235}}, {'n_lags': 6, 'metrics': {'MAE': 570.7460123697916, 'RMSE': 714.9609564478649, 'MAPE': 6.629351683615163}}, {'n_lags': 12, 'metrics': {'MAE': 769.0895589192709, 'RMSE': 910.9307244423786, 'MAPE': 8.775474128070758}}]",8633.4208984375,9755.0,9211.0
2024-06,2024-05,2017-01,2023-05,77,2023-06,2024-05,12,89,6,"[{'n_lags': 3, 'metrics': {'MAE': 690.4194742838541, 'RMSE': 780.664898715818, 'MAPE': 7.498027852039528}}, {'n_lags': 6, 'metrics': {'MAE': 639.8857421875, 'RMSE': 757.8892852348773, 'MAPE': 7.321995059580871}}, {'n_lags': 12, 'metrics': {'MAE': 832.6108805338541, 'RMSE': 940.1030574113461, 'MAPE': 9.486341468974608}}]",9833.884765625,9085.0,9755.0
2024-07,2024-06,2017-01,2023-06,78,2023-07,2024-06,12,90,6,"[{'n_lags': 3, 'metrics': {'MAE': 681.7514241536459, 'RMSE': 783.2495850790781, 'MAPE': 7.34726518114543}}, {'n_lags': 6, 'metrics': {'MAE': 625.0898030598959, 'RMSE': 740.1391662715702, 'MAPE': 6.950046920721826}}, {'n_lags': 12, 'metrics': {'MAE': 837.812744140625, 'RMSE': 932.5412579744435, 'MAPE': 9.330150534489977}}]",9005.384765625,9341.0,9085.0
2024-08,2024-07,2017-01,2023-07,79,2023-08,2024-07,12,91,6,"[{'n_lags': 3, 'metrics': {'MAE': 689.4867350260416, 'RMSE': 808.3762716614201, 'MAPE': 7.3543192741318375}}, {'n_lags': 6, 'metrics': {'MAE': 618.3373209635416, 'RMSE': 698.0578658310761, 'MAPE': 6.728479381832223}}, {'n_lags': 12, 'metrics': {'MAE': 797.088623046875, 'RMSE': 894.0014140504514, 'MAPE': 8.831046397851487}}]",10176.9873046875,9494.0,9341.0
2024-09,2024-08,2017-01,2023-08,80,2023-09,2024-08,12,92,6,"[{'n_lags': 3, 'metrics': {'MAE': 735.3316650390625, 'RMSE': 859.9196578698723, 'MAPE': 7.731230043967849}}, {'n_lags': 6, 'metrics': {'MAE': 626.5943603515625, 'RMSE': 721.9935587127334, 'MAPE': 6.7376872321156345}}, {'n_lags': 12, 'metrics': {'MAE': 840.7774251302084, 'RMSE': 912.9479515244961, 'MAPE': 8.964614261641952}}]",8729.796875,9439.0,9494.0
2024-10,2024-09,2017-01,2023-09,81,2023-10,2024-09,12,93,6,"[{'n_lags': 3, 'metrics': {'MAE': 822.4700520833334, 'RMSE': 936.574262326377, 'MAPE': 8.61581799562255}}, {'n_lags': 6, 'metrics': {'MAE': 678.6246744791666, 'RMSE': 748.9111578572737, 'MAPE': 7.259864723452996}}, {'n_lags': 12, 'metrics': {'MAE': 962.91259765625, 'RMSE': 1035.1394933911947, 'MAPE': 10.228015680023706}}]",9044.70703125,9570.0,9439.0
2024-11,2024-10,2017-01,2023-10,82,2023-11,2024-10,12,94,6,"[{'n_lags': 3, 'metrics': {'MAE': 794.4609375, 'RMSE': 899.8304233887869, 'MAPE': 8.219972620968296}}, {'n_lags': 6, 'metrics': {'MAE': 683.69091796875, 'RMSE': 748.0969202773409, 'MAPE': 7.252715161107449}}, {'n_lags': 12, 'metrics': {'MAE': 1024.9815673828125, 'RMSE': 1098.147958596668, 'MAPE': 10.76089084531947}}]",8721.455078125,9472.0,9570.0
2024-12,2024-11,2017-01,2023-11,83,2023-12,2024-11,12,95,6,"[{'n_lags': 3, 'metrics': {'MAE': 889.5553385416666, 'RMSE': 982.4626625818304, 'MAPE': 9.150287593235634}}, {'n_lags': 6, 'metrics': {'MAE': 756.9368489583334, 'RMSE': 818.6911523865975, 'MAPE': 7.907510731275151}}, {'n_lags': 12, 'metrics': {'MAE': 1139.5702311197917, 'RMSE': 1247.2292807623364, 'MAPE': 11.764914399475005}}]",10592.3359375,10398.0,9472.0
2025-01,2024-12,2017-01,2023-12,84,2024-01,2024-12,12,96,6,"[{'n_lags': 3, 'metrics': {'MAE': 739.015625, 'RMSE': 860.9593308222137, 'MAPE': 7.572743860217074}}, {'n_lags': 6, 'metrics': {'MAE': 669.0623372395834, 'RMSE': 758.3925581453021, 'MAPE': 6.992416547433615}}, {'n_lags': 12, 'metrics': {'MAE': 1116.3248291015625, 'RMSE': 1200.9251138252298, 'MAPE': 11.437045825139386}}]",10527.830078125,11923.0,10398.0
2025-02,2025-01,2017-01,2024-01,85,2024-02,2025-01,12,97,6,"[{'n_lags': 3, 'metrics': {'MAE': 881.6736653645834, 'RMSE': 1049.142255944478, 'MAPE': 8.727023339019896}}, {'n_lags': 6, 'metrics': {'MAE': 799.0852864583334, 'RMSE': 906.6546780357828, 'MAPE': 8.065669368295914}}, {'n_lags': 12, 'metrics': {'MAE': 1141.0013020833333, 'RMSE': 1236.1225674351613, 'MAPE': 11.3965263696181}}]",11081.408203125,9253.0,11923.0
2025-03,2025-02,2017-01,2024-02,86,2024-03,2025-02,12,98,3,"[{'n_lags': 3, 'metrics': {'MAE': 757.552490234375, 'RMSE': 906.8576552095742, 'MAPE': 7.587949200900297}}, {'n_lags': 6, 'metrics': {'MAE': 821.375244140625, 'RMSE': 945.3197030610286, 'MAPE': 8.39516008711756}}, {'n_lags': 12, 'metrics': {'MAE': 1044.434814453125, 'RMSE': 1155.2807925773375, 'MAPE': 10.475084710061115}}]",10975.12109375,11150.0,9253.0
2025-04,2025-03,2017-01,2024-03,87,2024-04,2025-03,12,99,3,"[{'n_lags': 3, 'metrics': {'MAE': 724.844482421875, 'RMSE': 874.2541610308132, 'MAPE': 7.283209768058469}}, {'n_lags': 6, 'metrics': {'MAE': 835.1668294270834, 'RMSE': 960.975052550759, 'MAPE': 8.493717881497814}}, {'n_lags': 12, 'metrics': {'MAE': 1007.4324544270834, 'RMSE': 1105.9245230107501, 'MAPE': 10.095094756529438}}]",10339.3994140625,10224.0,11150.0
2025-05,2025-04,2017-01,2024-04,88,2024-05,2025-04,12,100,3,"[{'n_lags': 3, 'metrics': {'MAE': 673.1822102864584, 'RMSE': 841.779205686237, 'MAPE': 6.682024044961402}}, {'n_lags': 6, 'metrics': {'MAE': 757.5648600260416, 'RMSE': 891.93096460303, 'MAPE': 7.633158850385448}}, {'n_lags': 12, 'metrics': {'MAE': 954.2130940755209, 'RMSE': 1090.9381374501236, 'MAPE': 9.500844121102471}}]",9617.591796875,10696.0,10224.0
2025-06,2025-05,2017-01,2024-05,89,2024-06,2025-05,12,101,3,"[{'n_lags': 3, 'metrics': {'MAE': 665.9991048177084, 'RMSE': 852.6982775422765, 'MAPE': 6.548862307637618}}, {'n_lags': 6, 'metrics': {'MAE': 794.569580078125, 'RMSE': 936.4048931251394, 'MAPE': 7.893290768695811}}, {'n_lags': 12, 'metrics': {'MAE': 991.6402180989584, 'RMSE': 1143.1729256340116, 'MAPE': 9.795092668006951}}]",10002.986328125,7541.0,10696.0
2025-07,2025-06,2017-01,2024-06,90,2024-07,2025-06,12,102,3,"[{'n_lags': 3, 'metrics': {'MAE': 828.0584309895834, 'RMSE': 1057.128767600594, 'MAPE': 8.731537143624807}}, {'n_lags': 6, 'metrics': {'MAE': 900.200927734375, 'RMSE': 1092.056625277527, 'MAPE': 9.482763907846008}}, {'n_lags': 12, 'metrics': {'MAE': 1123.5146484375, 'RMSE': 1282.638920047491, 'MAPE': 11.509320423659284}}]",9516.14453125,5630.0,7541.0
2025-08,2025-07,2017-01,2024-07,91,2024-08,2025-07,12,103,6,"[{'n_lags': 3, 'metrics': {'MAE': 1124.18994140625, 'RMSE': 1483.2269264146762, 'MAPE': 14.039226882997866}}, {'n_lags': 6, 'metrics': {'MAE': 1110.0887858072917, 'RMSE': 1392.2328829446597, 'MAPE': 13.563799524584983}}, {'n_lags': 12, 'metrics': {'MAE': 1331.1590983072917, 'RMSE': 1607.4359595997907, 'MAPE': 15.958654434841769}}]",8216.201171875,7477.0,5630.0
2025-09,2025-08,2017-01,2024-08,92,2024-09,2025-08,12,104,3,"[{'n_lags': 3, 'metrics': {'MAE': 1122.2379557291667, 'RMSE': 1472.7316829586707, 'MAPE': 14.2521966498748}}, {'n_lags': 6, 'metrics': {'MAE': 1126.7288411458333, 'RMSE': 1394.4381574523438, 'MAPE': 13.876855572895932}}, {'n_lags': 12, 'metrics': {'MAE': 1348.49365234375, 'RMSE': 1586.9566254085232, 'MAPE': 16.20719126708808}}]",7375.19140625,9840.0,7477.0
2025-10,2025-09,2017-01,2024-09,93,2024-10,2025-09,12,105,6,"[{'n_lags': 3, 'metrics': {'MAE': 1278.2898356119792, 'RMSE': 1642.4516635804396, 'MAPE': 15.915495635588318}}, {'n_lags': 6, 'metrics': {'MAE': 1259.7062581380208, 'RMSE': 1530.6838398899413, 'MAPE': 15.318288547806858}}, {'n_lags': 12, 'metrics': {'MAE': 1408.2809651692708, 'RMSE': 1655.364178676994, 'MAPE': 16.936261090035476}}]",8153.29736328125,10219.0,9840.0
2025-11,2025-10,2017-01,2024-10,94,2024-11,2025-10,12,106,3,"[{'n_lags': 3, 'metrics': {'MAE': 1380.8515625, 'RMSE': 1728.2214272130257, 'MAPE': 16.943999997320955}}, {'n_lags': 6, 'metrics': {'MAE': 1418.32861328125, 'RMSE': 1671.0772229980637, 'MAPE': 16.881993990626043}}, {'n_lags': 12, 'metrics': {'MAE': 1559.5151774088542, 'RMSE': 1853.0983524193682, 'MAPE': 18.592571007661732}}]",9291.123046875,9505.0,10219.0
2025-12,2025-11,2017-01,2024-11,95,2024-12,2025-11,12,107,3,"[{'n_lags': 3, 'metrics': {'MAE': 1345.7291666666667, 'RMSE': 1717.6325214548335, 'MAPE': 16.688818147072904}}, {'n_lags': 6, 'metrics': {'MAE': 1398.8734537760417, 'RMSE': 1681.722142351436, 'MAPE': 16.875652173279658}}, {'n_lags': 12, 'metrics': {'MAE': 1543.4573160807292, 'RMSE': 1837.309579965836, 'MAPE': 18.555477466523133}}]",10787.83203125,10791.0,9505.0
2026-01,2025-12,2017-01,2024-12,96,2025-01,2025-12,12,108,3,"[{'n_lags': 3, 'metrics': {'MAE': 1339.9928385416667, 'RMSE': 1723.1653483187572, 'MAPE': 16.675497910678047}}, {'n_lags': 6, 'metrics': {'MAE': 1414.5287272135417, 'RMSE': 1670.2736657034616, 'MAPE': 16.952139128614554}}, {'n_lags': 12, 'metrics': {'MAE': 1577.8620198567708, 'RMSE': 1843.6849270741757, 'MAPE': 18.89591049725444}}]",11262.2841796875,10196.0,10791.0
2026-02,2026-01,2017-01,2025-01,97,2025-02,2026-01,12,109,3,"[{'n_lags': 3, 'metrics': {'MAE': 1305.1552734375, 'RMSE': 1713.0181331949207, 'MAPE': 16.723560909255088}}, {'n_lags': 6, 'metrics': {'MAE': 1484.4534098307292, 'RMSE': 1738.638349764255, 'MAPE': 17.899966682653865}}, {'n_lags': 12, 'metrics': {'MAE': 1508.8694661458333, 'RMSE': 1829.449345625726, 'MAPE': 18.724363556531735}}]",9759.8994140625,10207.0,10196.0
2026-03,2026-02,2017-01,2025-02,98,2025-03,2026-02,12,110,3,"[{'n_lags': 3, 'metrics': {'MAE': 1206.2366129557292, 'RMSE': 1662.4893814391057, 'MAPE': 15.559711002435831}}, {'n_lags': 6, 'metrics': {'MAE': 1336.1394449869792, 'RMSE': 1647.5800326346362, 'MAPE': 16.254259790151263}}, {'n_lags': 12, 'metrics': {'MAE': 1376.5386962890625, 'RMSE': 1742.1508854703188, 'MAPE': 17.143004243389274}}]",11388.1611328125,12174.0,10207.0
2026-04,2026-03,2017-01,2025-03,99,2025-04,2026-03,12,111,3,"[{'n_lags': 3, 'metrics': {'MAE': 1265.3931884765625, 'RMSE': 1691.0995925390541, 'MAPE': 16.114794395866102}}, {'n_lags': 6, 'metrics': {'MAE': 1360.0318603515625, 'RMSE': 1662.9462472629473, 'MAPE': 16.462833055124463}}, {'n_lags': 12, 'metrics': {'MAE': 1386.0948079427083, 'RMSE': 1784.2804791112183, 'MAPE': 17.410267558371707}}]",10602.6474609375,9912.0,12174.0
2026-05,2026-04,2017-01,2025-04,100,2025-05,2026-04,12,112,3,"[{'n_lags': 3, 'metrics': {'MAE': 1334.2787272135417, 'RMSE': 1727.11793754161, 'MAPE': 16.885720275574315}}, {'n_lags': 6, 'metrics': {'MAE': 1396.4866536458333, 'RMSE': 1670.0465309802723, 'MAPE': 16.795758311853128}}, {'n_lags': 12, 'metrics': {'MAE': 1375.2828776041667, 'RMSE': 1769.3584576347964, 'MAPE': 17.24253042736424}}]",10214.0712890625,10233.0,9912.0
2026-06,2026-05,2017-01,2025-05,101,2025-06,2026-05,12,113,3,"[{'n_lags': 3, 'metrics': {'MAE': 1265.9239501953125, 'RMSE': 1699.7333739875392, 'MAPE': 16.272293334314256}}, {'n_lags': 6, 'metrics': {'MAE': 1323.349365234375, 'RMSE': 1643.1533018815833, 'MAPE': 16.193657769276474}}, {'n_lags': 12, 'metrics': {'MAE': 1393.9112955729167, 'RMSE': 1786.3728102324326, 'MAPE': 17.62512758385344}}]",9494.9716796875,9612.0,10233.0
