ds,trend,yearly,ar
2017-01,5473.589288085699,474.22760009765625,
2017-02,5545.92777040074,120.7969970703125,
2017-03,5611.265754427229,1052.2506103515625,
2017-04,5683.60423674227,215.6650848388672,
2017-05,5753.609219627793,-405.5944519042969,
2017-06,5825.947701942834,-488.8343505859375,
2017-07,5895.95263671875,-44.63197708129883,-1741.6473388671875
2017-08,5968.90771484375,500.1170654296875,-1551.0125732421875
2017-09,6052.1962890625,-228.9993133544922,-723.22314453125
2017-10,6132.7978515625,-556.3695068359375,-1382.439697265625
2017-11,6216.0859375,-637.9168090820312,-865.5618286132812
2017-12,6296.68701171875,418.9433898925781,-834.6793212890625
2018-01,6379.9755859375,574.7971801757812,-1148.445556640625
2018-02,6463.263671875,30.130083084106445,1989.5438232421875
2018-03,6536.16845703125,1132.012939453125,2368.748291015625
2018-04,6598.82666015625,138.20082092285156,2337.49755859375
2018-05,6659.4638671875,-314.5326843261719,2988.419189453125
2018-06,6722.12158203125,-581.2352294921875,2583.772705078125
2018-07,6782.7587890625,41.88047790527344,180.06744384765625
2018-08,6845.4169921875,405.2860412597656,4444.46240234375
2018-09,6908.0751953125,-127.92469787597656,2292.473876953125
2018-10,6958.0556640625,-648.924560546875,2597.224853515625
2018-11,6975.064453125,-547.4888305664062,1729.9024658203125
2018-12,6991.5244140625,315.23577880859375,1211.5452880859375
2019-01,7008.533203125,675.3195190429688,-896.8125610351562
2019-02,7025.5419921875,-60.571044921875,-1375.320068359375
2019-03,7040.90478515625,1211.3277587890625,-1533.49853515625
2019-04,7057.9130859375,60.823001861572266,-2580.23876953125
2019-05,7075.6728515625,-222.6846923828125,-1035.146484375
2019-06,7097.1650390625,-673.100341796875,-680.1565551757812
2019-07,7117.96435546875,128.24945068359375,-794.9407348632812
2019-08,7139.45751953125,309.54071044921875,209.7954559326172
2019-09,7160.9501953125,-27.247167587280273,-780.71044921875
2019-10,7181.74951171875,-741.4146728515625,-694.4524536132812
2019-11,7203.24169921875,-456.9527893066406,82.58643341064453
2019-12,7250.53369140625,212.05084228515625,-198.62574768066406
2020-01,7336.5537109375,775.77294921875,-283.4248046875
2020-02,7422.57470703125,-151.2449188232422,-599.5003051757812
2020-03,7503.04541015625,971.8886108398438,-1289.9459228515625
2020-04,7589.06640625,293.3583984375,-2252.585693359375
2020-05,7672.3115234375,-496.0653076171875,-2209.350830078125
2020-06,7758.33251953125,-397.0970153808594,-2093.840576171875
2020-07,7835.27880859375,-131.40420532226562,-1655.3140869140625
2020-08,7908.68017578125,594.189453125,-599.7062377929688
2020-09,7982.0810546875,-329.2307434082031,1067.2548828125
2020-10,8053.1142578125,-463.5308837890625,763.8390502929688
2020-11,8126.515625,-728.3392944335938,1388.313720703125
2020-12,8197.548828125,521.941162109375,998.0603637695312
2021-01,8270.9501953125,473.9927062988281,1709.0693359375
2021-02,8316.7109375,121.453125,1453.3309326171875
2021-03,8344.728515625,1052.042724609375,1369.2503662109375
2021-04,8375.7490234375,215.8853759765625,1225.28125
2021-05,8405.76953125,-404.94378662109375,1441.767822265625
2021-06,8436.7890625,-489.07159423828125,136.31895446777344
2021-07,8466.80859375,-44.83446502685547,1641.9617919921875
2021-08,8497.8291015625,499.4719543457031,290.44451904296875
2021-09,8543.822265625,-228.76480102539062,-98.0700454711914
2021-10,8594.2939453125,-556.1675415039062,176.19590759277344
2021-11,8646.447265625,-637.3367919921875,-266.9129943847656
2021-12,8696.9189453125,418.74114990234375,155.67474365234375
2022-01,8749.072265625,574.552001953125,979.9221801757812
2022-02,8801.2265625,29.91959571838379,639.8235473632812
2022-03,8848.33203125,1131.8387451171875,424.2010192871094
2022-04,8876.736328125,137.9696502685547,1674.2484130859375
2022-05,8897.154296875,-313.8873291015625,422.8125305175781
2022-06,8918.25390625,-581.0035400390625,344.9877624511719
2022-07,8938.671875,42.07102966308594,1002.5403442382812
2022-08,8959.7705078125,404.6481628417969,-153.8826446533203
2022-09,8980.869140625,-128.15066528320312,381.2952880859375
2022-10,9001.287109375,-649.156005859375,207.0363311767578
2022-11,9028.9130859375,-546.9081420898438,-130.652587890625
2022-12,9056.462890625,315.4950256347656,-212.7780303955078
2023-01,9084.9306640625,675.0852661132812,-947.8787231445312
2023-02,9113.3984375,-60.78866958618164,-984.2171630859375
2023-03,9139.111328125,1211.1549072265625,-1047.105712890625
2023-04,9167.5791015625,60.64646530151367,-740.109130859375
2023-05,9195.12890625,-222.9136505126953,-680.7972412109375
2023-06,9223.59765625,-672.9306030273438,-377.3874816894531
2023-07,9251.146484375,128.4535675048828,-462.00823974609375
2023-08,9279.615234375,309.7675476074219,-608.716552734375
2023-09,9308.0830078125,-27.472959518432617,-822.4675903320312
2023-10,9335.6328125,-741.6062622070312,-608.9074096679688
2023-11,9364.1005859375,-456.37200927734375,-426.5904235839844
2023-12,9391.650390625,212.30953979492188,-595.8856811523438
2024-01,9420.1181640625,776.4603271484375,-32.44116973876953
2024-02,9448.5859375,-151.45394897460938,-22.89897918701172
2024-03,9475.2177734375,971.2447509765625,376.60772705078125
2024-04,9503.685546875,293.12701416015625,479.0780944824219
2024-05,9531.236328125,-496.72430419921875,-15.840005874633789
2024-06,9559.703125,-396.4044189453125,559.8975219726562
2024-07,9587.25390625,-130.8001708984375,-210.54074096679688
2024-08,9615.720703125,594.3991088867188,-79.22482299804688
2024-09,9644.189453125,-329.4931335449219,-326.3356628417969
2024-10,9671.73828125,-463.8001708984375,-24.64960479736328
2024-11,9700.20703125,-728.1829833984375,-39.435768127441406
2024-12,9727.7568359375,522.1458740234375,279.6008605957031
2025-01,9756.224609375,474.6773681640625,296.9285583496094
2025-02,9784.693359375,120.80421447753906,1108.3265380859375
2025-03,9810.40625,1051.8348388671875,-299.1993408203125
2025-04,9838.873046875,216.08900451660156,430.2809753417969
2025-05,9866.423828125,-405.60198974609375,-4.655200004577637
2025-06,9894.8916015625,-489.2464599609375,434.42095947265625
2025-07,9922.44140625,-44.231414794921875,-991.1036987304688
2025-08,9950.9091796875,499.6806335449219,-2002.0072021484375
2025-09,9979.376953125,-229.0178985595703,-2100.95556640625
2025-10,10006.927734375,-556.4369506835938,-1331.890380859375
2025-11,10035.39453125,-637.9559326171875,-439.1435546875
2025-12,10062.9443359375,418.10430908203125,674.8099365234375
2026-01,10091.412109375,575.2484130859375,1207.5408935546875
2026-02,10119.880859375,30.132247924804688,129.86993408203125
2026-03,10145.59375,1131.6005859375,-19.549915313720703
2026-04,10174.0615234375,138.5698699951172,301.1801452636719
2026-05,10201.611328125,-313.623779296875,-265.9020690917969
2026-06,10230.080078125,-581.2040405273438,419.00848388671875
