Bandara Utama Domestik,,,,,,,,,,,,,,,,,,,,,,,,,,
,Bongkar/Muat Barang Angkutan Udara Dalam Negeri di 5 Bandara Utama (Ton),,,,,,,,,,,,,,,,,,,,,,,,,
,Barang yang Dibongkar,,,,,,,,,,,,,Barang yang dimuat,,,,,,,,,,,,
,2019,,,,,,,,,,,,,2019,,,,,,,,,,,,
,Januari,Februari,Maret,April,Mei,Juni,Juli,Agustus,September,Oktober,November,Desember,Tahunan,Januari,Februari,Maret,April,Mei,Juni,Juli,Agustus,September,Oktober,November,Desember,Tahunan
Kualanamu-Medan,2374,2009,2183,2109,2615,1664,2297,2323,2335,2493,2572,2895,27869,1705,1100,1181,1036,1227,938,3412,1283,1228,1261,1271,1435,17077
Soekarno Hatta-Jakarta,5356,4871,5503,6964,6397,4398,6832,6374,6188,6541,6421,6671,72516,12458,10926,13195,11777,14471,10069,14583,13518,13217,13740,14161,14710,156825
Juanda-Surabaya,2739,1832,2106,1724,2211,1383,1803,1763,1723,1771,1728,1916,22699,4333,3304,3503,2888,3660,2434,3079,3015,2953,3216,3250,3416,39051
Hasanudin-Makassar,3155,2401,2763,2718,3012,1749,2316,2236,2189,2461,2423,2453,29876,2575,1976,2014,1890,1986,1355,2126,1649,1586,1485,1618,1904,22164
Ngurah Rai-Bali,2616,2404,2582,2381,2659,1775,2111,2055,1990,1981,1913,2162,26629,2209,1612,2035,2397,2146,1810,2251,2025,2206,2265,1883,1948,24787
Bandara Lainnya,18850,16420,17758,11323,19268,12875,17698,16682,16411,17007,16944,17467,198703,14506,12608,13662,13847,15450,12882,12656,13699,13185,13745,12116,11254,159610
TOTAL,35090,29937,32895,27219,36162,23844,33057,31433,30836,32254,32001,33564,378292,37786,31526,35590,33835,38940,29488,38107,35189,34375,35712,34299,34667,419514